student_id,question_id,answer_id,answer_text,score,feedback,assessor,judge,timestamp,agent_logs
1,101,1001,Sample answer,8,Good job!,AssessorAgent,LLMAsAJudgeAgent,2025-05-30T14:55:14.233943,"[{""agent"": ""RAG"", ""event"": ""retrieve"", ""status"": ""success"", ""timestamp"": ""2025-05-30T14:55:14.233680""}]"
1,101,1001,Sample answer,8,Good job!,AssessorAgent,LLMAsAJudgeAgent,2025-05-30T14:56:00.345386,"[{""agent"": ""RAG"", ""event"": ""retrieve"", ""status"": ""success"", ""timestamp"": ""2025-05-30T14:56:00.345139""}]"
1000,1,1,To describe the world accurately at every moment without needing action effects.,4,"Partially correct. The main goal of Reasoning about Actions (RAC) is to derive conclusions about necessary/possible results of performing actions, considering the frame problem, ramiﬁcation problem, and qualiﬁcation problem.",AssessorAgent,LLMAsAJudgeAgent,2025-05-30T15:17:17.808495,"[{""agent"": ""RAG"", ""event"": ""retrieve"", ""status"": ""success"", ""timestamp"": ""2025-05-30T15:17:21.633750""}, {""agent"": ""Assessor"", ""event"": ""assess"", ""status"": ""success"", ""timestamp"": ""2025-05-30T15:17:23.401397""}, {""agent"": ""Judge"", ""event"": ""judge"", ""status"": ""success"", ""timestamp"": ""2025-05-30T15:17:24.384841"", ""result"": {""reasonable"": false, ""explanation"": ""The answer provided by the student does not accurately reflect the main goal of Reasoning about Actions (RAC) as described in the context. The main goal is to derive conclusions about necessary/possible results of performing actions, considering specific problems like the frame problem, rami\ufb01cation problem, and quali\ufb01cation problem. The score of 4 and feedback provided by the assessor are appropriate based on the discrepancy between the student's answer and the actual main goal of RAC.""}}]"
1001,2,2,"It is a system where only properties of objects are stored, but no actions.",3,"Partially correct, but the answer lacks key details. A dynamic system in RAC is not just about storing properties of objects, but also involves a collection of actions that change these properties and the state of the world. The answer does not fully capture the concept of a dynamic system in RAC.",AssessorAgent,LLMAsAJudgeAgent,2025-05-30T15:18:34.708804,"[{""agent"": ""RAG"", ""event"": ""retrieve"", ""status"": ""success"", ""timestamp"": ""2025-05-30T15:18:34.708952""}, {""agent"": ""Assessor"", ""event"": ""assess"", ""status"": ""success"", ""timestamp"": ""2025-05-30T15:18:34.708995""}, {""agent"": ""Judge"", ""event"": ""judge"", ""status"": ""success"", ""timestamp"": ""2025-05-30T15:18:34.709122"", ""result"": {""reasonable"": false, ""explanation"": ""The score and feedback are reasonable as the answer provided by the student is partially correct but lacks key details and a full understanding of the concept of a dynamic system in RAC. The feedback provided by the assessor highlights the specific areas where the answer fell short, indicating that the score and feedback are appropriate for the given response.""}}]"
1002,3,3,"It refers to tracking all changes made by actions, including indirect ones.",8,"Correct, the answer accurately identifies the Frame Problem as the challenge of indicating and inferring all things that do not change when actions are performed, including indirect effects. Good explanation, but could be more detailed.",AssessorAgent,LLMAsAJudgeAgent,2025-05-30T15:18:40.110014,"[{""agent"": ""RAG"", ""event"": ""retrieve"", ""status"": ""success"", ""timestamp"": ""2025-05-30T15:18:40.110028""}, {""agent"": ""Assessor"", ""event"": ""assess"", ""status"": ""success"", ""timestamp"": ""2025-05-30T15:18:40.110031""}, {""agent"": ""Judge"", ""event"": ""judge"", ""status"": ""success"", ""timestamp"": ""2025-05-30T15:18:40.110033"", ""result"": {""reasonable"": true, ""explanation"": ""Yes, the score and feedback are reasonable. The answer correctly identifies the Frame Problem and provides a concise explanation. The feedback acknowledges the accuracy of the response while suggesting that more detail could enhance the explanation.""}}]"
1003,4,4,It concerns checking preconditions before executing any action.,8,"Good understanding of the Ramification Problem, but could benefit from mentioning the indirect effects and the challenge of representing them concisely.",AssessorAgent,LLMAsAJudgeAgent,2025-05-30T15:18:44.562228,"[{""agent"": ""RAG"", ""event"": ""retrieve"", ""status"": ""success"", ""timestamp"": ""2025-05-30T15:18:44.562251""}, {""agent"": ""Assessor"", ""event"": ""assess"", ""status"": ""success"", ""timestamp"": ""2025-05-30T15:18:44.562258""}, {""agent"": ""Judge"", ""event"": ""judge"", ""status"": ""success"", ""timestamp"": ""2025-05-30T15:18:44.562263"", ""result"": {""reasonable"": true, ""explanation"": ""Yes, the score and feedback are reasonable. The answer correctly identifies the aspect of checking preconditions before executing any action, but could be improved by mentioning the indirect effects and the challenge of representing them concisely, as suggested by the feedback.""}}]"
1004,5,5,It ensures all consequences of actions are listed explicitly.,4,"Partially correct. The Qualification Problem actually deals with the challenge of determining which preconditions are relevant for an action, rather than listing all consequences explicitly. Mentioning the preconditions would improve the answer.",AssessorAgent,LLMAsAJudgeAgent,2025-05-30T15:18:48.354583,"[{""agent"": ""RAG"", ""event"": ""retrieve"", ""status"": ""success"", ""timestamp"": ""2025-05-30T15:18:48.354626""}, {""agent"": ""Assessor"", ""event"": ""assess"", ""status"": ""success"", ""timestamp"": ""2025-05-30T15:18:48.354642""}, {""agent"": ""Judge"", ""event"": ""judge"", ""status"": ""success"", ""timestamp"": ""2025-05-30T15:18:48.354656"", ""result"": {""reasonable"": true, ""explanation"": ""Yes, the score and feedback are reasonable. The answer provided a partially correct understanding of the Qualification Problem, but it missed the key aspect of determining relevant preconditions for actions. The feedback provided guidance on how the answer could be improved, making it a fair assessment.""}}]"
1005,6,6,An effect that occurs before the main action completes.,8,"Good attempt. The answer correctly identifies an indirect effect as occurring before the main action completes. However, it would be more accurate to specify that an indirect effect refers to the consequences or outcomes of an action that are not the immediate or direct result of the action itself.",AssessorAgent,LLMAsAJudgeAgent,2025-05-30T15:18:53.234478,"[{""agent"": ""RAG"", ""event"": ""retrieve"", ""status"": ""success"", ""timestamp"": ""2025-05-30T15:18:53.234518""}, {""agent"": ""Assessor"", ""event"": ""assess"", ""status"": ""success"", ""timestamp"": ""2025-05-30T15:18:53.234535""}, {""agent"": ""Judge"", ""event"": ""judge"", ""status"": ""success"", ""timestamp"": ""2025-05-30T15:18:53.234549"", ""result"": {""reasonable"": true, ""explanation"": ""The score of 8 out of 10 is reasonable as the answer correctly identifies the concept of an indirect effect in the context of the lecture material. The feedback provided is constructive and helps clarify the definition of an indirect effect, making the response more accurate.""}}]"
1006,7,7,It is mostly used in databases to optimize queries.,2,"Incorrect. The application of RAC mentioned in the context is related to AI systems, autonomous agents, planning tasks, model-based diagnosis, and automatic control of complex systems, not databases.",AssessorAgent,LLMAsAJudgeAgent,2025-05-30T15:18:58.242830,"[{""agent"": ""RAG"", ""event"": ""retrieve"", ""status"": ""success"", ""timestamp"": ""2025-05-30T15:18:58.242843""}, {""agent"": ""Assessor"", ""event"": ""assess"", ""status"": ""success"", ""timestamp"": ""2025-05-30T15:18:58.242849""}, {""agent"": ""Judge"", ""event"": ""judge"", ""status"": ""success"", ""timestamp"": ""2025-05-30T15:18:58.242854"", ""result"": {""reasonable"": false, ""explanation"": ""The score and feedback are not reasonable as the answer provided by the student is completely unrelated to the context of the question, which specifically asks for examples of applications of RAC in the field of AI systems, autonomous agents, planning tasks, model-based diagnosis, and automatic control of complex systems. The student's answer about databases optimizing queries is not relevant to the context provided.""}}]"
1000,1,1,To describe the world accurately at every moment without needing action effects.,4,"The answer is partially correct but lacks specificity. The main goal of Reasoning about Actions (RAC) is to define reasoning methods that allow for deriving conclusions about necessary/possible results of performing actions, considering issues like the frame problem, ramification problem, and qualification problem.",AssessorAgent,LLMAsAJudgeAgent,2025-05-30T15:59:36.896885+00:00,"[{""agent"": ""RAG"", ""event"": ""retrieve"", ""status"": ""success"", ""timestamp"": ""2025-05-30T15:59:38.566035+00:00""}, {""agent"": ""Assessor"", ""event"": ""assess"", ""status"": ""success"", ""timestamp"": ""2025-05-30T15:59:40.268535+00:00""}, {""agent"": ""Judge"", ""event"": ""judge"", ""status"": ""success"", ""timestamp"": ""2025-05-30T15:59:41.339991+00:00"", ""result"": {""reasonable"": true, ""explanation"": ""The score of 4 out of 10 is reasonable as the answer provided by the student only partially addresses the main goal of Reasoning about Actions (RAC). The feedback provided by the assessor is appropriate as it highlights the need for more specificity and mentions key issues related to RAC that were not fully addressed in the student's response.""}}]"
1001,2,2,"It is a system where only properties of objects are stored, but no actions.",3,"The answer is partially correct but lacks key details. A dynamic system in RAC involves both objects and actions that change the properties of objects, not just storing properties of objects.",AssessorAgent,LLMAsAJudgeAgent,2025-05-30T16:00:09.244408+00:00,"[{""agent"": ""RAG"", ""event"": ""retrieve"", ""status"": ""success"", ""timestamp"": ""2025-05-30T16:00:09.244441+00:00""}, {""agent"": ""Assessor"", ""event"": ""assess"", ""status"": ""success"", ""timestamp"": ""2025-05-30T16:00:09.244462+00:00""}, {""agent"": ""Judge"", ""event"": ""judge"", ""status"": ""success"", ""timestamp"": ""2025-05-30T16:00:09.244474+00:00"", ""result"": {""reasonable"": true, ""explanation"": ""The score of 3 is reasonable as the answer partially addresses the concept of a dynamic system in RAC by mentioning properties of objects. The feedback provided is also appropriate as it highlights the key detail missing in the answer, which is the involvement of actions that change the properties of objects in a dynamic system.""}}]"
1000,1,1,To describe the world accurately at every moment without needing action effects.,3,"The answer is partially correct but lacks key details. The main goal of Reasoning about Actions (RAC) is to define reasoning methods that allow for deriving conclusions about necessary/possible results of performing actions in a dynamic system, considering effects, preconditions, and addressing problems like the frame problem, ramification problem, and qualification problem.",AssessorAgent,LLMAsAJudgeAgent,2025-05-30T16:04:49.257925+00:00,"[{""agent"": ""RAG"", ""event"": ""retrieve"", ""status"": ""success"", ""timestamp"": ""2025-05-30T16:04:49.257999+00:00""}, {""agent"": ""Assessor"", ""event"": ""assess"", ""status"": ""success"", ""timestamp"": ""2025-05-30T16:04:49.258010+00:00""}, {""agent"": ""Judge"", ""event"": ""judge"", ""status"": ""success"", ""timestamp"": ""2025-05-30T16:04:49.258028+00:00"", ""result"": {""reasonable"": true, ""explanation"": ""The score of 3 and the feedback provided are reasonable for the answer given. The answer partially addresses the main goal of Reasoning about Actions (RAC) but lacks key details and depth in explaining the concept. The feedback appropriately points out the need for more specific details and highlights the main aspects of RAC, such as effects, preconditions, and the related problems.""}}]"
1001,2,2,"It is a system where only properties of objects are stored, but no actions.",3,The answer is partially correct but lacks key details. A dynamic system in RAC is not just about storing properties of objects but also involves a collection of actions that change the properties of objects and the state of the world. The answer should include information about actions and their effects in a dynamic system.,AssessorAgent,LLMAsAJudgeAgent,2025-05-30T16:04:55.174078+00:00,"[{""agent"": ""RAG"", ""event"": ""retrieve"", ""status"": ""success"", ""timestamp"": ""2025-05-30T16:04:55.174107+00:00""}, {""agent"": ""Assessor"", ""event"": ""assess"", ""status"": ""success"", ""timestamp"": ""2025-05-30T16:04:55.174114+00:00""}, {""agent"": ""Judge"", ""event"": ""judge"", ""status"": ""success"", ""timestamp"": ""2025-05-30T16:04:55.174139+00:00"", ""result"": {""reasonable"": true, ""explanation"": ""The score of 3 is reasonable as the answer provided some relevant information but was incomplete. The feedback provided by the assessor is also appropriate as it highlights the key details missing in the answer and guides the student on what should have been included.""}}]"
1002,3,3,"It refers to tracking all changes made by actions, including indirect ones.",8,Good understanding of the Frame Problem in RAC. Could be improved by providing more specific examples or elaborating on the implications of tracking indirect changes.,AssessorAgent,LLMAsAJudgeAgent,2025-05-30T16:04:58.609406+00:00,"[{""agent"": ""RAG"", ""event"": ""retrieve"", ""status"": ""success"", ""timestamp"": ""2025-05-30T16:04:58.609465+00:00""}, {""agent"": ""Assessor"", ""event"": ""assess"", ""status"": ""success"", ""timestamp"": ""2025-05-30T16:04:58.609473+00:00""}, {""agent"": ""Judge"", ""event"": ""judge"", ""status"": ""success"", ""timestamp"": ""2025-05-30T16:04:58.609479+00:00"", ""result"": {""reasonable"": true, ""explanation"": ""The score of 8 out of 10 is reasonable for the answer provided, as it demonstrates a good understanding of the Frame Problem in RAC. The feedback suggesting more specific examples or elaboration on the implications of tracking indirect changes is also appropriate for further improvement.""}}]"
1003,4,4,It concerns checking preconditions before executing any action.,8,"Good attempt at summarizing the Ramification Problem, but could be more specific by mentioning the indirect effects and the challenge of representing them concisely.",AssessorAgent,LLMAsAJudgeAgent,2025-05-30T16:05:04.097089+00:00,"[{""agent"": ""RAG"", ""event"": ""retrieve"", ""status"": ""success"", ""timestamp"": ""2025-05-30T16:05:04.097157+00:00""}, {""agent"": ""Assessor"", ""event"": ""assess"", ""status"": ""success"", ""timestamp"": ""2025-05-30T16:05:04.097163+00:00""}, {""agent"": ""Judge"", ""event"": ""judge"", ""status"": ""success"", ""timestamp"": ""2025-05-30T16:05:04.097166+00:00"", ""result"": {""reasonable"": true, ""explanation"": ""The score of 8 out of 10 is reasonable as the answer correctly identifies the general concept of checking preconditions before executing an action, but the feedback is also appropriate in suggesting more specificity by mentioning the indirect effects and the challenge of representing them concisely, which would enhance the answer.""}}]"
1004,5,5,It ensures all consequences of actions are listed explicitly.,4,"The answer is partially correct. The Qualification Problem actually deals with the challenge of dealing with the immense number of preconditions of actions, making it unreasonable to explicitly enumerate and check all possibilities. However, the answer lacks clarity and does not fully explain the concept.",AssessorAgent,LLMAsAJudgeAgent,2025-05-30T16:05:11.788107+00:00,"[{""agent"": ""RAG"", ""event"": ""retrieve"", ""status"": ""success"", ""timestamp"": ""2025-05-30T16:05:11.788128+00:00""}, {""agent"": ""Assessor"", ""event"": ""assess"", ""status"": ""success"", ""timestamp"": ""2025-05-30T16:05:11.788132+00:00""}, {""agent"": ""Judge"", ""event"": ""judge"", ""status"": ""success"", ""timestamp"": ""2025-05-30T16:05:11.788135+00:00"", ""result"": {""reasonable"": true, ""explanation"": ""The score of 4 out of 10 is reasonable as the answer partially addresses the concept of the Qualification Problem but lacks clarity and a full explanation. The feedback provided by the judge is fair in highlighting the need for a clearer and more comprehensive explanation of the Qualification Problem.""}}]"
1005,6,6,An effect that occurs before the main action completes.,2,"The answer provided is incorrect. An indirect effect in RAC refers to the concisely representing indirect effects of actions, not an effect that occurs before the main action completes. Please review the lecture material on the ramiﬁcation problem for a better understanding.",AssessorAgent,LLMAsAJudgeAgent,2025-05-30T16:05:16.007758+00:00,"[{""agent"": ""RAG"", ""event"": ""retrieve"", ""status"": ""success"", ""timestamp"": ""2025-05-30T16:05:16.007787+00:00""}, {""agent"": ""Assessor"", ""event"": ""assess"", ""status"": ""success"", ""timestamp"": ""2025-05-30T16:05:16.007795+00:00""}, {""agent"": ""Judge"", ""event"": ""judge"", ""status"": ""success"", ""timestamp"": ""2025-05-30T16:05:16.007802+00:00"", ""result"": {""reasonable"": true, ""explanation"": ""The score of 2 is reasonable as the answer provided did not accurately address the concept of indirect effects in RAC. The feedback provided by highlighting the need to review the lecture material on the rami\ufb01cation problem for a better understanding is appropriate and helps guide the student towards the correct understanding.""}}]"
1006,7,7,It is mostly used in databases to optimize queries.,2,"The answer is incorrect. The question asked for examples of applications of RAC (Reasoning about Actions and Changes), not databases. Please review the lecture content to provide accurate examples related to RAC.",AssessorAgent,LLMAsAJudgeAgent,2025-05-30T16:05:20.854110+00:00,"[{""agent"": ""RAG"", ""event"": ""retrieve"", ""status"": ""success"", ""timestamp"": ""2025-05-30T16:05:20.854161+00:00""}, {""agent"": ""Assessor"", ""event"": ""assess"", ""status"": ""success"", ""timestamp"": ""2025-05-30T16:05:20.854167+00:00""}, {""agent"": ""Judge"", ""event"": ""judge"", ""status"": ""success"", ""timestamp"": ""2025-05-30T16:05:20.854172+00:00"", ""result"": {""reasonable"": true, ""explanation"": ""The score of 2 is appropriate as the answer provided is completely unrelated to the question about applications of RAC. The feedback given by the assessor is also appropriate as it clearly points out the error in the answer and directs the student to review the lecture content for accurate examples related to RAC.""}}]"
1008,9,9,An effect that happens only if we have the correct initial state.,3,"The answer provided is partially correct but lacks depth and accuracy. A non-deterministic effect refers to an effect of an action that can have multiple possible outcomes, not just based on the initial state. The answer should include more specific details and examples to demonstrate a better understanding of the concept.",AssessorAgent,LLMAsAJudgeAgent,2025-05-30T16:05:37.371198+00:00,"[{""agent"": ""RAG"", ""event"": ""retrieve"", ""status"": ""success"", ""timestamp"": ""2025-05-30T16:05:37.371264+00:00""}, {""agent"": ""Assessor"", ""event"": ""assess"", ""status"": ""success"", ""timestamp"": ""2025-05-30T16:05:37.371270+00:00""}, {""agent"": ""Judge"", ""event"": ""judge"", ""status"": ""success"", ""timestamp"": ""2025-05-30T16:05:37.371275+00:00"", ""result"": {""reasonable"": true, ""explanation"": ""Yes, the score of 3 out of 5 is reasonable as the answer provided by the student partially addresses the concept of non-deterministic effects but lacks depth and accuracy. The feedback provided by the assessor is also appropriate, highlighting the need for more specific details and examples to demonstrate a better understanding of the concept.""}}]"
1009,10,10,The action is reversed and system state is reset.,3,"The answer is not entirely correct. When the preconditions of an action do not hold, the effects of the action are unknown, not necessarily reversed, and the system state may not be reset automatically. More explanation and accuracy are needed.",AssessorAgent,LLMAsAJudgeAgent,2025-05-30T16:05:41.729591+00:00,"[{""agent"": ""RAG"", ""event"": ""retrieve"", ""status"": ""success"", ""timestamp"": ""2025-05-30T16:05:41.729617+00:00""}, {""agent"": ""Assessor"", ""event"": ""assess"", ""status"": ""success"", ""timestamp"": ""2025-05-30T16:05:41.729621+00:00""}, {""agent"": ""Judge"", ""event"": ""judge"", ""status"": ""success"", ""timestamp"": ""2025-05-30T16:05:41.729626+00:00"", ""result"": {""reasonable"": true, ""explanation"": ""Yes, the score of 3 out of 10 is reasonable as the answer provided is partially correct but lacks accuracy and depth. The feedback provided by the assessor is also appropriate, highlighting the need for more explanation and accuracy in the response.""}}]"
1000,1,1,To describe the world accurately at every moment without needing action effects.,3,"The answer is partially correct but lacks key details. The main goal of Reasoning about Actions (RAC) is to define reasoning methods that allow for deriving conclusions about necessary/possible results of performing actions, considering both direct and indirect effects of actions in a dynamic system.",AssessorAgent,LLMAsAJudgeAgent,2025-05-30T16:08:51.073023+00:00,"[{""agent"": ""RAG"", ""event"": ""retrieve"", ""status"": ""success"", ""timestamp"": ""2025-05-30T16:08:51.073052+00:00""}, {""agent"": ""Assessor"", ""event"": ""assess"", ""status"": ""success"", ""timestamp"": ""2025-05-30T16:08:51.073056+00:00""}, {""agent"": ""Judge"", ""event"": ""judge"", ""status"": ""success"", ""timestamp"": ""2025-05-30T16:08:51.073058+00:00"", ""result"": {""reasonable"": true, ""explanation"": ""The score of 3 is reasonable as the answer provided some relevant information but lacked key details. The feedback provided guidance on what was missing and how the answer could be improved, making it a fair assessment.""}}]"
1000,1,1,To describe the world accurately at every moment without needing action effects.,3,"The answer is partially correct but lacks key details. The main goal of Reasoning about Actions (RAC) is to define reasoning methods that allow for deriving conclusions about necessary/possible results of performing actions, considering issues like the frame problem, ramification problem, and qualification problem.",AssessorAgent,LLMAsAJudgeAgent,2025-05-30T16:10:25.978656+00:00,"[{""agent"": ""RAG"", ""event"": ""retrieve"", ""status"": ""success"", ""timestamp"": ""2025-05-30T16:10:25.979170+00:00""}, {""agent"": ""Assessor"", ""event"": ""assess"", ""status"": ""success"", ""timestamp"": ""2025-05-30T16:10:25.979221+00:00""}, {""agent"": ""Judge"", ""event"": ""judge"", ""status"": ""success"", ""timestamp"": ""2025-05-30T16:10:25.979226+00:00"", ""result"": {""reasonable"": true, ""explanation"": ""The score of 3 is reasonable as the answer provided some relevant information but lacked key details. The feedback provided by the assessor is also appropriate as it highlights the need for more specific details about the main goal of Reasoning about Actions (RAC) and the related issues.""}}]"
1000,1,1,To describe the world accurately at every moment without needing action effects.,3,The answer is partially correct but lacks depth and specific details about the main goal of Reasoning about Actions (RAC). It mentions describing the world accurately but does not address the key aspect of deriving conclusions about necessary/possible results of performing actions.,AssessorAgent,LLMAsAJudgeAgent,2025-05-30T16:11:52.329060+00:00,"[{""agent"": ""RAG"", ""event"": ""retrieve"", ""status"": ""success"", ""timestamp"": ""2025-05-30T16:11:52.329075+00:00""}, {""agent"": ""Assessor"", ""event"": ""assess"", ""status"": ""success"", ""timestamp"": ""2025-05-30T16:11:52.329078+00:00""}, {""agent"": ""Judge"", ""event"": ""judge"", ""status"": ""success"", ""timestamp"": ""2025-05-30T16:11:52.329080+00:00"", ""result"": {""reasonable"": true, ""explanation"": ""The score of 3 out of 5 is reasonable as the answer partially addresses the main goal of Reasoning about Actions (RAC) but lacks depth and specific details. The feedback provided by the assessor is fair and highlights the need for more specific information about deriving conclusions from actions.""}}]"
1000,1,1,To describe the world accurately at every moment without needing action effects.,3,"The answer is partially correct but lacks key details. The main goal of Reasoning about Actions (RAC) is to define reasoning methods that allow for deriving conclusions about necessary/possible results of performing actions in dynamic systems. The answer should mention the importance of understanding the effects of actions and dealing with problems like the frame problem, ramification problem, and qualification problem.",AssessorAgent,LLMAsAJudgeAgent,2025-05-30T16:15:19.432601+00:00,"[{""agent"": ""RAG"", ""event"": ""retrieve"", ""status"": ""success"", ""timestamp"": ""2025-05-30T16:15:19.432626+00:00""}, {""agent"": ""Assessor"", ""event"": ""assess"", ""status"": ""success"", ""timestamp"": ""2025-05-30T16:15:19.432641+00:00""}, {""agent"": ""Judge"", ""event"": ""judge"", ""status"": ""success"", ""timestamp"": ""2025-05-30T16:15:19.432651+00:00"", ""result"": {""reasonable"": true, ""explanation"": ""The score of 3 is reasonable as the answer provided some relevant information but lacked key details. The feedback provided guidance on what was missing and how the answer could be improved, aligning with the expectations for a higher score.""}}]"
1001,2,2,"It is a system where only properties of objects are stored, but no actions.",3,"The answer is partially correct but lacks key details. A dynamic system in RAC involves both objects and actions that change the properties of objects, not just storing properties of objects.",AssessorAgent,LLMAsAJudgeAgent,2025-05-30T16:15:31.693719+00:00,"[{""agent"": ""RAG"", ""event"": ""retrieve"", ""status"": ""success"", ""timestamp"": ""2025-05-30T16:15:31.693766+00:00""}, {""agent"": ""Assessor"", ""event"": ""assess"", ""status"": ""success"", ""timestamp"": ""2025-05-30T16:15:31.693803+00:00""}, {""agent"": ""Judge"", ""event"": ""judge"", ""status"": ""success"", ""timestamp"": ""2025-05-30T16:15:31.693830+00:00"", ""result"": {""reasonable"": true, ""explanation"": ""The score of 3 out of 5 is reasonable as the answer provided some relevant information but lacked completeness. The feedback provided by the assessor is also appropriate as it highlights the key detail missing in the answer regarding the involvement of actions that change the properties of objects in a dynamic system in RAC.""}}]"
1000,1,1,To describe the world accurately at every moment without needing action effects.,3,"The answer is partially correct but lacks key details. The main goal of Reasoning about Actions (RAC) is not just to describe the world accurately at every moment but to derive conclusions about necessary/possible results of performing actions, considering issues like the frame problem, ramiﬁcation problem, and qualiﬁcation problem.",AssessorAgent,LLMAsAJudgeAgent,2025-05-30T16:16:42.716455+00:00,"[{""agent"": ""RAG"", ""event"": ""retrieve"", ""status"": ""success"", ""timestamp"": ""2025-05-30T16:16:42.716513+00:00""}, {""agent"": ""Assessor"", ""event"": ""assess"", ""status"": ""success"", ""timestamp"": ""2025-05-30T16:16:42.716522+00:00""}, {""agent"": ""Judge"", ""event"": ""judge"", ""status"": ""success"", ""timestamp"": ""2025-05-30T16:16:42.716530+00:00"", ""result"": {""reasonable"": true, ""explanation"": ""The score of 3 out of 5 is reasonable as the answer provided some relevant information but lacked depth and specificity. The feedback provided by the assessor is also appropriate as it highlights the key details missing in the answer and guides the student on what aspects to focus on for a more comprehensive response.""}}]"
1001,2,2,"It is a system where only properties of objects are stored, but no actions.",3,"The answer is partially correct but lacks key details. A dynamic system in RAC involves both objects and actions that change the properties of objects, not just storing properties of objects.",AssessorAgent,LLMAsAJudgeAgent,2025-05-30T16:16:53.136141+00:00,"[{""agent"": ""RAG"", ""event"": ""retrieve"", ""status"": ""success"", ""timestamp"": ""2025-05-30T16:16:53.136188+00:00""}, {""agent"": ""Assessor"", ""event"": ""assess"", ""status"": ""success"", ""timestamp"": ""2025-05-30T16:16:53.136195+00:00""}, {""agent"": ""Judge"", ""event"": ""judge"", ""status"": ""success"", ""timestamp"": ""2025-05-30T16:16:53.136200+00:00"", ""result"": {""reasonable"": true, ""explanation"": ""Yes, the score of 3 out of 5 is reasonable as the answer provided some relevant information but lacked key details. The feedback provided by the assessor is also appropriate as it highlights the need for a more complete explanation regarding the involvement of actions in a dynamic system in RAC.""}}]"
1000,1,1,To describe the world accurately at every moment without needing action effects.,3,"The answer is partially correct but lacks key details. The main goal of Reasoning about Actions (RAC) is to derive conclusions about necessary/possible results of performing actions, considering both direct and indirect effects of actions. The answer should include information about the frame problem, ramification problem, and qualification problem in RAC.",AssessorAgent,LLMAsAJudgeAgent,2025-05-30T16:19:52.524894+00:00,"[{""agent"": ""RAG"", ""event"": ""retrieve"", ""status"": ""success"", ""timestamp"": ""2025-05-30T16:19:52.524923+00:00""}, {""agent"": ""Assessor"", ""event"": ""assess"", ""status"": ""success"", ""timestamp"": ""2025-05-30T16:19:52.524932+00:00""}, {""agent"": ""Judge"", ""event"": ""judge"", ""status"": ""success"", ""timestamp"": ""2025-05-30T16:19:52.524938+00:00"", ""result"": {""reasonable"": true, ""explanation"": ""Yes, the score and feedback are reasonable. The answer provided some relevant information but lacked key details and depth required to fully address the main goal of Reasoning about Actions (RAC) and related problems. The score of 3 reflects this partial understanding, and the feedback guides the student on what additional information should have been included.""}}]"
1001,2,2,"It is a system where only properties of objects are stored, but no actions.",3,"The answer is partially correct but lacks key details. A dynamic system in RAC is not just about storing properties of objects, but also involves a collection of actions that change the properties of objects and the state of the world. The answer should include information about how actions are related to the system.",AssessorAgent,LLMAsAJudgeAgent,2025-05-30T16:20:05.164794+00:00,"[{""agent"": ""RAG"", ""event"": ""retrieve"", ""status"": ""success"", ""timestamp"": ""2025-05-30T16:20:05.164860+00:00""}, {""agent"": ""Assessor"", ""event"": ""assess"", ""status"": ""success"", ""timestamp"": ""2025-05-30T16:20:05.164867+00:00""}, {""agent"": ""Judge"", ""event"": ""judge"", ""status"": ""success"", ""timestamp"": ""2025-05-30T16:20:05.164873+00:00"", ""result"": {""reasonable"": true, ""explanation"": ""The score of 3 out of 5 is reasonable as the answer provided some relevant information but lacked key details. The feedback provided by the assessor is also appropriate as it highlights the need for more specific details about how actions are related to the dynamic system in RAC.""}}]"
1000,1,1,To describe the world accurately at every moment without needing action effects.,3,"The answer is partially correct but lacks key details. The main goal of Reasoning about Actions (RAC) is to define reasoning methods that allow for deriving conclusions about necessary/possible results of performing actions in dynamic systems, considering effects, courses of actions, and addressing problems like the frame problem, ramification problem, and qualification problem.",AssessorAgent,LLMAsAJudgeAgent,2025-05-30T16:21:59.126058+00:00,"[{""agent"": ""RAG"", ""event"": ""retrieve"", ""status"": ""success"", ""timestamp"": ""2025-05-30T16:21:59.126083+00:00""}, {""agent"": ""Assessor"", ""event"": ""assess"", ""status"": ""success"", ""timestamp"": ""2025-05-30T16:21:59.126089+00:00""}, {""agent"": ""Judge"", ""event"": ""judge"", ""status"": ""success"", ""timestamp"": ""2025-05-30T16:21:59.126093+00:00"", ""result"": {""reasonable"": true, ""explanation"": ""The score of 3 and feedback provided are reasonable for the answer given. While the answer touches on the general idea of describing the world accurately without needing action effects, it lacks the specific details related to the main goal of RAC as outlined in the context, such as deriving conclusions about necessary/possible results of actions in dynamic systems and addressing related problems. The feedback appropriately acknowledges the partial correctness of the answer and highlights the key details that were missing.""}}]"
1001,2,2,"It is a system where only properties of objects are stored, but no actions.",4,"The answer is partially correct but lacks key details. A dynamic system in RAC involves both objects and actions that change the properties of objects, not just storing properties of objects.",AssessorAgent,LLMAsAJudgeAgent,2025-05-30T16:22:07.265233+00:00,"[{""agent"": ""RAG"", ""event"": ""retrieve"", ""status"": ""success"", ""timestamp"": ""2025-05-30T16:22:07.265272+00:00""}, {""agent"": ""Assessor"", ""event"": ""assess"", ""status"": ""success"", ""timestamp"": ""2025-05-30T16:22:07.265278+00:00""}, {""agent"": ""Judge"", ""event"": ""judge"", ""status"": ""success"", ""timestamp"": ""2025-05-30T16:22:07.265285+00:00"", ""result"": {""reasonable"": true, ""explanation"": ""The score of 4 out of 10 is reasonable as the answer provided some relevant information but was incomplete. The feedback provided by the assessor is also appropriate as it highlights the key detail missing in the answer.""}}]"
1000,1,1,To describe the world accurately at every moment without needing action effects.,2,"The answer incorrectly states that the main goal of RAC is to describe the world accurately at every moment without action effects. In fact, RAC focuses on reasoning methods to derive the consequences of actions, including their necessary and possible effects. The provided answer does not align with the main objective of RAC as described in the context.",AssessorAgent,LLMAsAJudgeAgent,2025-05-30T16:31:17.763446+00:00,"[{""agent"": ""RAG"", ""event"": ""retrieve"", ""status"": ""success"", ""timestamp"": ""2025-05-30T16:31:17.763467+00:00""}, {""agent"": ""Assessor"", ""event"": ""assess"", ""status"": ""success"", ""timestamp"": ""2025-05-30T16:31:17.763471+00:00""}, {""agent"": ""Judge"", ""event"": ""judge"", ""status"": ""success"", ""timestamp"": ""2025-05-30T16:31:17.763473+00:00"", ""result"": {""reasonable"": true, ""explanation"": ""The feedback correctly identifies that the student's answer is incorrect and clarifies the main goal of RAC as reasoning about the consequences of actions, not merely describing the world at every moment. The score of 2 reflects a low understanding, which aligns with the incorrectness of the answer. Therefore, both the score and feedback are reasonable given the answer.""}}]"
1001,2,2,"It is a system where only properties of objects are stored, but no actions.",0,"The answer is incorrect. A dynamic system in RAC involves objects, their properties, and actions that change these properties, affecting the state of the world. The student’s statement only describes a static system focusing solely on properties, which does not align with the concept of a dynamic system in RAC.",AssessorAgent,LLMAsAJudgeAgent,2025-05-30T16:31:24.079842+00:00,"[{""agent"": ""RAG"", ""event"": ""retrieve"", ""status"": ""success"", ""timestamp"": ""2025-05-30T16:31:24.079908+00:00""}, {""agent"": ""Assessor"", ""event"": ""assess"", ""status"": ""success"", ""timestamp"": ""2025-05-30T16:31:24.079920+00:00""}, {""agent"": ""Judge"", ""event"": ""judge"", ""status"": ""success"", ""timestamp"": ""2025-05-30T16:31:24.079929+00:00"", ""result"": {""reasonable"": true, ""explanation"": ""The feedback correctly explains that a dynamic system in RAC involves objects, properties, and actions that change properties, which the student's answer omits. The score of 0 appropriately reflects the incorrectness of the student's answer based on the provided context.""}}]"
